,app_category,current_download,previous_week_download,previous_week_revenue,release_date,app_id,app_name,current_download,company_name,current_revenue
38,application,1,11,111,4/18/14,844570015,Funimate - Be Music Video Star,400,Avcr,1000
39,application,2,12,112,11/12/13,583009522,CyberGhost VPN & WiFi Proxy,401,CyberGhost,1001
40,application,3,13,113,2/9/17,1195233335,Yarn - Chat & Text Stories,402,Mammoth,1002
41,application,4,14,114,6/13/16,1095519285,Norton Secure VPN,403,Symantec,1003
43,application,5,15,115,7/6/18,1407162950,Z Camera - Photo Editor Pro,404,GO Dev Team,1004
52,application,6,16,116,12/13/18,1434400695,BetterMe: Walking & Weightloss,405,Genesis Partners,1005
113,game,7,17,117,10/16/18,1380831764,Diner DASH Adventures,406,Glu,1006
116,game,8,18,118,7/5/18,1371565796,RAID: Shadow Legends,407,Plarium,1007
117,game,9,19,119,11/20/17,1300146617,Garena Free Fire,408,Garena Online,1008
118,game,10,20,120,1/7/19,1375425432,AFK Arena,409,Lilith,1009
119,game,11,21,121,8/15/18,1404165333,Cash Frenzy - Slots Casino,410,Bole Games,1010
237,application,12,22,122,4/27/18,1374212456,Astrology & Palmistry Coach,411,Ruby Labs,1011
238,application,13,23,123,9/26/14,915637540,RainbowKey - Emoji Keyboard,412,iHandy,1012
305,game,14,24,124,8/29/18,1417547025,World War Rising,413,Mobile War,1013
357,application,15,25,125,8/8/12,509993510,Smule - The #1 Singing App,414,Smule,1014
358,application,16,26,126,1/10/17,1148728253,Math Learner: Class Teacher,415,TFG Co,1015
359,application,17,27,127,3/17/14,836071680,Wishbone - Compare Anything,416,Mammoth,1016
429,application,18,28,128,4/5/17,1193350206,YouTube TV,417,Google,1017
528,application,19,29,129,4/7/15,971265422,HBO NOW: Watch Game of Thrones,418,HBO,1018
602,game,20,30,130,3/9/18,1356045010,Lotsa Slots: Casino SLOTS,419,Bole Games,1019
633,application,21,31,131,5/7/09,314716233,TextNow: Call + Text Unlimited,420,Enflick,1020
646,game,22,32,132,1/28/15,915469477,Bingo Showdown – Wild West,421,Spicerack,1021
678,application,23,33,133,8/7/16,1129523589,DAZN Sport Live Stream,422,DAZN,1022
703,application,24,34,134,8/22/15,1024818709,HOOKED,423,Telepathic,1023
720,game,25,35,135,5/13/15,910395494,少年三国志-全新武将登场,424,Youzu,1024
752,application,26,36,136,12/18/14,940247939,TurboTax Tax Return App,425,Intuit,1025
808,game,27,37,137,9/1/18,1358476597,The Elder Scrolls: Blades,426,Bethesda,1026
830,application,28,38,138,3/9/11,423246594,NCAA March Madness Live,427,Turner Broadcasting System,1027
884,application,29,39,139,3/14/10,359891723,ESPN Tournament Challenge,428,ESPN,1028
940,application,30,40,140,8/30/18,1420058690,Paint By Number: Coloring Book,429,DailyInnovation,1029
972,application,31,41,141,6/20/18,1400607936,Period Calendar - Cherry,430,Sound Sleep,1030
988,game,32,42,142,12/17/14,913292932,SimCity BuildIt,431,Electronic Arts,1031
989,game,33,43,143,2/9/15,943690848,ONE PIECE TREASURE CRUISE,432,BANDAI NAMCO Entertainment,1032
1031,application,34,44,144,11/19/14,930441707,Bumble - Meet New People,433,Bumble,1033
1037,game,35,45,145,1/9/19,1444739251,Ragnarok M - Eternal Love,434,Gravity Corporation,1034
1062,application,36,46,146,3/14/13,530168168,CBS - Full Episodes & Live TV,435,CBS Interactive,1035
1071,game,37,47,147,4/17/14,824318267,FarmVille 2: Country Escape,436,Zynga,1036
1095,application,38,48,148,11/21/08,297368629,Lose It! – Calorie Counter,437,FitNow,1037
1109,game,39,49,149,10/5/16,1128416098,My Story: Choose Your Own Path,438,Nanobit,1038
1110,game,40,50,150,1/24/19,1435314243,Langrisser,439,Zilong,1039
1137,game,41,51,151,3/28/18,1336342304,Honkai Impact 3rd,440,miHoYo,1040
1151,application,42,52,152,7/13/14,894546091,WEBTOON - Find Yours,441,NAVER,1041
1152,application,43,53,153,9/28/11,438596432,Video Star,442,Frontier Design,1042
1154,application,44,54,154,9/24/14,916226412,GO Keyboard-Emojis&Cool Themes,443,GO Dev Team,1043
1201,application,45,55,155,5/9/13,634598719,Noom,444,Noom,1044
1202,application,46,56,156,8/3/08,286906691,Lifesum: Diet & Macro Tracker,445,Lifesum,1045
1203,application,47,57,157,1/10/13,587823548,1 Second Everyday: Video Diary,446,Cesar Kuriyama,1046